,incl [deg],c,b,R^2
0,1,136.0255884,-0.862391262,0.989570329
1,1.1,117.7245375,-0.841502038,0.986714128
2,1.2,102.8706257,-0.821839874,0.983875949
3,1.3,110.0731637,-0.830000437,0.98672163
4,1.4,99.25556974,-0.814482126,0.984926156
5,1.5,90.49221936,-0.800428047,0.983354128
6,1.6,83.40783658,-0.787804221,0.982073672
7,1.7,77.48756235,-0.776204595,0.981033939
8,1.8,64.21583448,-0.748629089,0.976272651
9,1.9,60.81649145,-0.739567796,0.975814188
10,2,57.90875354,-0.731148408,0.975664961
11,2.1,50.67112508,-0.710765788,0.972719687
12,2.2,49.30431036,-0.705138183,0.973629943
13,2.3,44.38565562,-0.688524766,0.971817313
14,2.4,44.07231005,-0.68551373,0.973758485
15,2.5,40.26827967,-0.670884593,0.972499908
16,2.6,37.84481059,-0.659968185,0.972619313
17,2.7,36.02534405,-0.650756864,0.973299169
18,2.8,34.51939313,-0.642425667,0.974213119
19,2.9,33.67094619,-0.636483022,0.975890757
20,3,32.88874354,-0.630753433,0.977461614
21,3.1,32.23312882,-0.625473566,0.97906998
22,3.2,32.3136821,-0.62319981,0.981501675
23,3.3,32.23397627,-0.620300613,0.983496901
24,3.4,32.57776329,-0.619181263,0.985742842
25,3.5,32.5827533,-0.616703995,0.987408221
26,3.6,33.26149378,-0.616944498,0.989487925
27,3.7,34.38470875,-0.618894658,0.991574485
28,3.8,35.08967406,-0.619155231,0.993051002
29,3.9,36.0519541,-0.620367349,0.99440467
30,4,37.26306981,-0.622408329,0.995578569
31,4.1,36.15094723,-0.615731656,0.995896153
32,4.2,37.18724756,-0.617185164,0.996694805
33,4.3,38.28656399,-0.618795978,0.997309665
34,4.4,39.51598554,-0.620770342,0.997749385
35,4.5,40.14584693,-0.620620405,0.998002372
36,4.6,43.67226082,-0.629896264,0.998003821
37,4.7,44.97881408,-0.63166137,0.997930582
38,4.8,45.32814057,-0.630526468,0.99794834
39,4.9,46.53387736,-0.631901879,0.997762055
40,5,49.69598254,-0.638787792,0.997109666
41,5.1,50.2207957,-0.638115579,0.997015495
42,5.2,52.85415552,-0.64306852,0.99635406
43,5.3,53.69372724,-0.64314626,0.996144157
44,5.4,55.2717771,-0.645155753,0.995781958
45,5.5,58.35091571,-0.650611022,0.994928507
46,5.6,59.82997661,-0.652122413,0.994603558
47,5.7,61.47531303,-0.65394798,0.994253363
48,5.8,66.00863103,-0.661858865,0.992981579
49,5.9,66.97418252,-0.662010988,0.992921109
50,6,69.54232479,-0.665412334,0.992402132
51,6.1,70.34896501,-0.6652174,0.992489051
52,6.2,72.72003608,-0.668039675,0.992103758
53,6.3,77.94158606,-0.675873459,0.990860873
54,6.4,79.6827141,-0.677239875,0.990798872
55,6.5,82.75996418,-0.680834343,0.990377304
56,6.6,83.46397465,-0.680379728,0.990711301
57,6.7,88.48552846,-0.686860927,0.989818995
58,6.8,90.80347986,-0.688870411,0.989778592
59,6.9,92.10517568,-0.689308461,0.990057578
60,7,95.5989505,-0.692954649,0.989777781
61,7.1,97.68417237,-0.694474381,0.98992236
62,7.2,103.8139788,-0.701403024,0.989022391
63,7.3,104.1873092,-0.700512905,0.989698434
64,7.4,108.2600334,-0.704398583,0.989432397
65,7.5,114.288914,-0.710505736,0.988760514
66,7.6,115.4908995,-0.710627926,0.989281946
67,7.7,118.3618193,-0.71272237,0.989428671
68,7.8,124.4159813,-0.718311861,0.988897958
69,7.9,124.909642,-0.717622002,0.989603278
70,8,128.5263521,-0.720331709,0.989650221
71,8.1,134.8133102,-0.725695895,0.989182981
72,8.2,139.5506662,-0.729272431,0.989061893
73,8.3,141.8752396,-0.730398679,0.989411803
74,8.4,146.7708451,-0.733941837,0.98930257
75,8.5,148.6855254,-0.734632782,0.989727942
76,8.6,150.0597815,-0.734821094,0.990232438
77,8.7,153.0053529,-0.736446117,0.990459726
78,8.8,159.9386066,-0.741489622,0.990021039
79,8.9,163.0280284,-0.743101046,0.990205331
80,9,169.4992631,-0.747453452,0.989877139
81,9.1,173.6634813,-0.749809965,0.989907434
82,9.2,172.6872132,-0.748099121,0.990689346
83,9.3,183.240776,-0.755284182,0.989809838
84,9.4,181.7583632,-0.753270786,0.990670549
85,9.5,191.2712401,-0.759347381,0.989982009
86,9.6,187.8947162,-0.756038886,0.991059597
87,9.7,195.2483486,-0.760431373,0.99072556
88,9.8,197.6502473,-0.761258347,0.991017209
89,9.9,203.9184744,-0.764697186,0.990845005
90,10,204.7696184,-0.764447833,0.99131364
91,10.1,215.4389828,-0.770594811,0.990634786
92,10.2,215.7956221,-0.770026815,0.991162393
93,10.3,223.0297196,-0.773772404,0.990893618
94,10.4,224.8755908,-0.774137509,0.991225763
95,10.5,228.8568095,-0.77579622,0.991308339
96,10.6,237.7688859,-0.780275596,0.990865044
97,10.7,237.560973,-0.779438516,0.991385743
98,10.8,240.9344394,-0.780656391,0.991508232
99,10.9,244.6047383,-0.782031333,0.991599482
100,11,248.2351982,-0.783384345,0.99169689
101,11.1,254.4042146,-0.786064738,0.991498462
102,11.2,263.3494139,-0.790140453,0.991066687
103,11.3,266.4983942,-0.791103507,0.991171906
104,11.4,266.3672665,-0.790414545,0.991551327
105,11.5,272.0297492,-0.79263595,0.991426612
106,11.6,282.2921145,-0.797100903,0.990974737
107,11.7,288.0498797,-0.799245257,0.990939234
108,11.8,288.2860156,-0.798758524,0.991367128
109,11.9,296.6522889,-0.802082078,0.991115832
110,12,302.6774415,-0.804245312,0.991106083
111,12.1,305.8437285,-0.805077677,0.991245297
112,12.2,309.7711491,-0.806268211,0.991408608
113,12.3,314.2150668,-0.807666939,0.991505173
114,12.4,318.801016,-0.809078804,0.991580953
115,12.5,321.8874785,-0.809859626,0.99172147
116,12.6,323.0920703,-0.80985318,0.992068349
117,12.7,331.3757418,-0.812797839,0.9918898
118,12.8,331.6189623,-0.812380323,0.992201107
119,12.9,338.1653339,-0.814540005,0.992111024
120,13,344.1508865,-0.816429165,0.992028749
121,13.1,344.5784963,-0.816124716,0.992365971
122,13.2,359.5673947,-0.821450061,0.991699264
123,13.3,355.7476572,-0.819550954,0.992217835
124,13.4,359.8153187,-0.820639129,0.992259256
125,13.5,365.5819851,-0.822363223,0.992168357
126,13.6,375.9974005,-0.825755039,0.991838576
127,13.7,369.9888873,-0.823118464,0.992519065
128,13.8,384.7821918,-0.828013304,0.991907856
129,13.9,383.6106092,-0.827214215,0.992371051
130,14,387.9869417,-0.828330639,0.992432102
131,14.1,392.8054072,-0.829604024,0.992500008
132,14.2,398.2056889,-0.831060927,0.992538327
133,14.3,403.6003391,-0.832454088,0.992541232
134,14.4,407.2590137,-0.83333258,0.992723859
135,14.5,410.6180895,-0.834070714,0.992892551
136,14.6,418.5344093,-0.836293919,0.992782746
137,14.7,417.9376732,-0.835747073,0.993164593
138,14.8,423.6200777,-0.837185419,0.993104805
139,14.9,423.6603433,-0.836896576,0.993445054
140,15,425.9264851,-0.837247889,0.993587266
141,15.1,437.5618431,-0.840542401,0.993277532
142,15.2,439.4549307,-0.840773307,0.993453528
143,15.3,440.8638695,-0.840855574,0.993563766
144,15.4,449.5049382,-0.843183964,0.993362355
145,15.5,448.8689843,-0.842690527,0.993636762
146,15.6,453.3035883,-0.843680509,0.993638523
147,15.7,455.2490768,-0.843886349,0.993804464
148,15.8,463.3724616,-0.845993284,0.993684872
149,15.9,472.8513734,-0.848445382,0.993490942
150,16,475.9424087,-0.848995995,0.993576494
151,16.1,476.0721055,-0.848717041,0.993791243
152,16.2,489.3243254,-0.852170036,0.993594331
153,16.3,489.5052283,-0.8518948,0.993790352
154,16.4,494.0436475,-0.852879514,0.993801991
155,16.5,499.0764079,-0.853982138,0.99385011
156,16.6,501.8910681,-0.854436015,0.994055176
157,16.7,507.2927537,-0.855616098,0.994065352
158,16.8,508.666423,-0.855710645,0.994146878
159,16.9,514.0729058,-0.85684593,0.994187514
160,17,522.9474448,-0.858899675,0.994089021
161,17.1,524.9027546,-0.85913899,0.994163661
162,17.2,521.7641888,-0.858072706,0.994497857
163,17.3,530.0364786,-0.859957803,0.99435046
164,17.4,538.785134,-0.861904909,0.994229055
165,17.5,537.6124409,-0.861371532,0.994415976
166,17.6,547.6502328,-0.863683908,0.994251853
167,17.7,546.2548036,-0.863016963,0.994478183
168,17.8,550.967038,-0.863950784,0.994432963
169,17.9,557.2504994,-0.865339655,0.994602357
170,18,557.4358246,-0.865217954,0.994720923
171,18.1,560.187312,-0.865618806,0.994885683
172,18.2,558.6643394,-0.865008835,0.995120111
173,18.3,558.6951685,-0.864776366,0.995202709
174,18.4,568.2475057,-0.866946363,0.995251843
175,18.5,568.995261,-0.866970119,0.995338057
176,18.6,566.6343111,-0.866160958,0.995641863
177,18.7,561.4155513,-0.864738276,0.995907886
178,18.8,566.9312976,-0.865910814,0.995982509
179,18.9,565.8195083,-0.865450432,0.996143437
180,19,560.2039417,-0.864032797,0.996461742
181,19.1,562.3184645,-0.864368023,0.996534659
182,19.2,559.7089001,-0.863589014,0.996713163
183,19.3,558.9943281,-0.863245497,0.996871219
184,19.4,559.3602828,-0.863179047,0.996934491
185,19.5,566.1617313,-0.864669041,0.996981582
186,19.6,556.1495557,-0.862159209,0.997230213
187,19.7,560.6791325,-0.863150072,0.997381842
188,19.8,553.8451104,-0.861400941,0.997520681
189,19.9,552.7873885,-0.860921472,0.997698342
190,20,545.4562629,-0.859024087,0.997860671
191,20.1,549.0023097,-0.859722978,0.997949058
192,20.2,547.3159853,-0.859194454,0.998009375
193,20.3,547.2550855,-0.859028905,0.998121345
194,20.4,542.8475995,-0.857799073,0.998277574
195,20.5,547.4976965,-0.858848759,0.998239528
196,20.6,546.7329308,-0.858508299,0.998353457
197,20.7,543.5300625,-0.857704058,0.998334015
198,20.8,536.354901,-0.855675646,0.998531001
199,20.9,533.1096984,-0.854749725,0.998578257
200,21,533.8486968,-0.854800735,0.998581074
201,21.1,536.6664521,-0.855355025,0.998625568
202,21.2,534.1640668,-0.854719907,0.99864792
203,21.3,529.3506507,-0.853321819,0.998715569
204,21.4,521.8663043,-0.851324449,0.998775382
205,21.5,526.0104193,-0.852281491,0.998768281
206,21.6,523.120201,-0.851416874,0.998805363
207,21.7,522.9606781,-0.851232591,0.99878868
208,21.8,520.0482367,-0.850323774,0.998827424
209,21.9,519.0725888,-0.849991867,0.998838357
210,22,519.8213699,-0.850074899,0.998809408
211,22.1,518.942253,-0.849780794,0.998829917
212,22.2,520.680294,-0.850085183,0.998811062
213,22.3,518.8118713,-0.84943143,0.998814972
214,22.4,519.3788727,-0.849554882,0.998817924
215,22.5,516.9533792,-0.848697577,0.998773891
216,22.6,515.4907663,-0.848211368,0.998760772
217,22.7,514.7069505,-0.847976551,0.998759846
218,22.8,514.0849366,-0.847583858,0.998786644
219,22.9,516.2714354,-0.848026043,0.998764391
220,23,520.7115278,-0.849092385,0.998760327
221,23.1,525.0096832,-0.850012507,0.998787472
222,23.2,526.4610307,-0.85024252,0.998801674
223,23.3,528.351771,-0.850575752,0.998783661
224,23.4,536.2835925,-0.8524343,0.998791193
225,23.5,538.2743677,-0.852757349,0.998823394
226,23.6,538.0119982,-0.852681556,0.9987658
227,23.7,536.7828636,-0.852158894,0.99881769
228,23.8,544.2073413,-0.853858265,0.998839513
229,23.9,543.4155195,-0.853599764,0.998768263
230,24,544.8218804,-0.853789518,0.998790689
231,24.1,550.7300108,-0.855044378,0.998832202
232,24.2,553.5833593,-0.85561734,0.998846933
233,24.3,560.3488751,-0.857194557,0.998768514
234,24.4,560.8767163,-0.857096658,0.998800322
235,24.5,566.311256,-0.858298734,0.998843978
236,24.6,570.1641509,-0.859155233,0.998794328
237,24.7,567.5642453,-0.85837882,0.998816628
238,24.8,572.101846,-0.859361975,0.998835007
239,24.9,571.1379338,-0.85897436,0.998831538
240,25,572.0878319,-0.859091281,0.998814928
241,25.1,574.9751916,-0.859663424,0.998818742
242,25.2,579.0522592,-0.860539487,0.998848095
243,25.3,577.832009,-0.860167595,0.998843306
244,25.4,576.9264229,-0.859861501,0.998768412
245,25.5,579.7126859,-0.860443053,0.998788549
246,25.6,580.6219568,-0.860549219,0.998790206
247,25.7,582.7394263,-0.861030693,0.998785661
248,25.8,584.6468871,-0.861316014,0.998785266
249,25.9,581.2374409,-0.860450004,0.99878128
250,26,583.241234,-0.860860834,0.998746941
251,26.1,585.5052081,-0.861322821,0.998751052
252,26.2,586.7244383,-0.861502796,0.998739315
253,26.3,581.031423,-0.860091205,0.998753968
254,26.4,584.0901117,-0.860767291,0.998740135
255,26.5,580.8880753,-0.859928258,0.998722818
256,26.6,583.6035417,-0.860503994,0.99865564
257,26.7,583.8974976,-0.860523161,0.998672371
258,26.8,580.398732,-0.859584489,0.99867847
259,26.9,582.7669057,-0.860150866,0.998637375
260,27,582.1995588,-0.859938651,0.99860232
261,27.1,579.9131925,-0.859415879,0.998578339
262,27.2,582.4453413,-0.859891316,0.99858769
263,27.3,576.6830478,-0.85846516,0.998521852
264,27.4,575.3478898,-0.858119299,0.998494424
265,27.5,571.1366007,-0.857062153,0.998463674
266,27.6,574.4251838,-0.857842512,0.998433268
267,27.7,569.9243288,-0.85670357,0.998346392
268,27.8,569.1151235,-0.856480649,0.998341127
269,27.9,568.028659,-0.856165299,0.998298822
270,28,566.9408937,-0.855814762,0.998267122
271,28.1,567.0494364,-0.855839838,0.998249866
272,28.2,567.2160577,-0.855768741,0.998221244
273,28.3,565.270341,-0.855326973,0.998169888
274,28.4,561.4397549,-0.854380228,0.998075651
275,28.5,561.8379005,-0.854387713,0.998032226
276,28.6,562.929753,-0.854609581,0.998061261
277,28.7,565.2568729,-0.855123992,0.998022334
278,28.8,563.4431995,-0.854573979,0.998025449
279,28.9,565.0094999,-0.854977259,0.99795343
280,29,561.3736655,-0.854012144,0.997872036
281,29.1,560.6064404,-0.853800634,0.997841974
282,29.2,557.4989362,-0.853030718,0.997776625
283,29.3,556.3138324,-0.852772636,0.997703427
284,29.4,554.0880023,-0.852123718,0.997660908
285,29.5,552.5544446,-0.85172635,0.997632265
286,29.6,555.717029,-0.852384965,0.997645184
287,29.7,555.6737512,-0.852383902,0.997611877
288,29.8,558.4078271,-0.853030375,0.997564065
289,29.9,555.6430732,-0.852253388,0.997540882
290,30,555.7228239,-0.852210814,0.997552664
291,30.1,554.4628809,-0.851900603,0.997515713
292,30.2,552.6283633,-0.851451855,0.997407239
293,30.3,553.4379255,-0.851668115,0.997358732
294,30.4,554.0408293,-0.851671815,0.997383824
295,30.5,555.7468817,-0.851970078,0.997420139
296,30.6,559.4282882,-0.852796708,0.997411246
297,30.7,557.583764,-0.852386547,0.997356129
298,30.8,556.2564686,-0.852075474,0.997269498
299,30.9,558.412876,-0.852501132,0.997348622
300,31,555.3846369,-0.851734974,0.997295895
301,31.1,555.6382876,-0.851783172,0.997273447
302,31.2,556.933017,-0.852050325,0.997214653
303,31.3,555.09469,-0.851609479,0.997137861
304,31.4,553.2599605,-0.851099376,0.997041762
305,31.5,554.3455636,-0.851278348,0.997101519
306,31.6,557.865717,-0.85215433,0.997118095
307,31.7,555.0516631,-0.851465857,0.997040235
308,31.8,554.2257394,-0.851260425,0.996996417
309,31.9,557.9232179,-0.852165862,0.99698029
310,32,553.9951641,-0.851108636,0.996985196
311,32.1,552.2006105,-0.850568717,0.996958645
312,32.2,550.670283,-0.850214595,0.996870596
313,32.3,551.231327,-0.850347245,0.996778563
314,32.4,552.5303335,-0.850653973,0.996706806
315,32.5,551.8915385,-0.850441181,0.996755547
316,32.6,553.0114612,-0.850680969,0.996771964
317,32.7,548.8196206,-0.849575655,0.996760349
318,32.8,551.9995361,-0.850345556,0.996820116
319,32.9,553.1044164,-0.850687085,0.996737446
320,33,550.4642028,-0.85003209,0.996609836
321,33.1,550.077127,-0.849883351,0.996591821
322,33.2,551.7093153,-0.850285573,0.996532042
323,33.3,550.7585192,-0.849977252,0.996501952
324,33.4,550.0953432,-0.849761129,0.996493858
325,33.5,546.8245203,-0.848919593,0.996498088
326,33.6,548.433331,-0.849415533,0.996414446
327,33.7,549.2673472,-0.849628001,0.996417515
328,33.8,551.0386038,-0.850041849,0.996451033
329,33.9,547.6008117,-0.849077473,0.996457263
330,34,550.2265645,-0.849740773,0.996469179
331,34.1,546.4895822,-0.84874104,0.996411353
332,34.2,545.5507089,-0.848521605,0.996271155
333,34.3,546.9808956,-0.848947757,0.996145908
334,34.4,548.7870978,-0.849385805,0.996115946
335,34.5,546.9257999,-0.848902697,0.996124719
336,34.6,546.48005,-0.848743733,0.996145399
337,34.7,544.932437,-0.84836574,0.996163776
338,34.8,544.0645856,-0.848088126,0.996164289
339,34.9,547.3606519,-0.84889641,0.996223047
340,35,546.4802405,-0.848712781,0.996157567
341,35.1,539.550324,-0.847027122,0.995942115
342,35.2,541.3869207,-0.847498719,0.995897143
343,35.3,543.001809,-0.847859492,0.995888709
344,35.4,540.9818386,-0.847282202,0.99580973
345,35.5,539.867802,-0.847070047,0.995682572
346,35.6,537.2828392,-0.846399046,0.995656954
347,35.7,538.361113,-0.846739131,0.995632534
348,35.8,533.723008,-0.845574541,0.995603478
349,35.9,535.3695211,-0.846045979,0.995568318
350,36,533.4484918,-0.845558619,0.995585975
351,36.1,532.9752371,-0.845379973,0.995586917
352,36.2,535.1252278,-0.845895375,0.995657617
353,36.3,533.9627723,-0.845589353,0.995604218
354,36.4,532.8262897,-0.84533761,0.995464583
355,36.5,533.2511028,-0.845451547,0.995366467
356,36.6,527.8371805,-0.844055233,0.995143398
357,36.7,527.3472785,-0.844005612,0.994939929
358,36.8,525.3739075,-0.843521201,0.99492103
359,36.9,523.4081489,-0.84300069,0.994975504
360,37,523.1075411,-0.842937733,0.995010394
361,37.1,523.7668014,-0.843103166,0.99510096
362,37.2,522.3461607,-0.842662046,0.995134246
363,37.3,522.4568904,-0.842789674,0.995056316
364,37.4,520.2363127,-0.842179962,0.995060607
365,37.5,517.7575758,-0.841599693,0.994881819
366,37.6,516.2813505,-0.841216334,0.994820485
367,37.7,513.5290923,-0.840560168,0.994569208
368,37.8,517.3098334,-0.841564257,0.994552678
369,37.9,513.4418803,-0.840465005,0.994408291
370,38,517.393078,-0.841512793,0.994477099
371,38.1,518.5841148,-0.841751203,0.994527872
372,38.2,518.4173264,-0.841722495,0.994590002
373,38.3,511.926114,-0.840064577,0.994484727
374,38.4,512.2079498,-0.840120998,0.994575637
375,38.5,512.7438921,-0.840353581,0.994556639
376,38.6,511.6001944,-0.84021344,0.994360121
377,38.7,506.5519841,-0.838893139,0.994284814
378,38.8,501.7735827,-0.83757972,0.994209843
379,38.9,503.4449573,-0.838014153,0.994234028
380,39,504.0848377,-0.83812802,0.9942528
381,39.1,505.4037747,-0.838512446,0.994153529
382,39.2,506.9807607,-0.83886892,0.994138875
383,39.3,508.2934995,-0.839186385,0.994053441
384,39.4,507.8364339,-0.839152216,0.993797987
385,39.5,507.2623941,-0.839015058,0.993789554
386,39.6,503.189949,-0.837983329,0.993726062
387,39.7,500.2901234,-0.837360363,0.993613429
388,39.8,502.8649749,-0.838038,0.993797771
389,39.9,496.9025083,-0.836398763,0.993769619
390,40,497.7861999,-0.836603723,0.993899079
391,40.1,500.2786767,-0.837327942,0.994016993
392,40.2,502.0868084,-0.83782585,0.994033655
393,40.3,498.0461683,-0.836721016,0.993953061
394,40.4,498.6699579,-0.836886426,0.993998372
395,40.5,500.5399398,-0.837398091,0.993947709
396,40.6,499.5807594,-0.837224625,0.9937856
397,40.7,495.4647552,-0.836074457,0.993559935
398,40.8,495.4016531,-0.836129408,0.993332977
399,40.9,496.9481233,-0.836567265,0.9931602
400,41,499.0246082,-0.837097835,0.993110124
401,41.1,498.1987196,-0.836954914,0.993100134
402,41.2,493.3319738,-0.835696272,0.993126621
403,41.3,496.1346111,-0.836400471,0.993370708
404,41.4,494.3079039,-0.835931823,0.993462951
405,41.5,494.9951989,-0.836212051,0.993471995
406,41.6,494.7112618,-0.836090971,0.993623062
407,41.7,495.2368006,-0.836200977,0.993743353
408,41.8,494.4959171,-0.836021904,0.993778425
409,41.9,493.7744894,-0.835927863,0.993667981
410,42,492.9428076,-0.83572984,0.993616033
411,42.1,490.0918186,-0.835041736,0.993343057
412,42.2,489.9053725,-0.835035401,0.993213691
413,42.3,489.3015133,-0.834917335,0.993117781
414,42.4,492.5076166,-0.835736769,0.993092639
415,42.5,488.9300702,-0.834679402,0.992919157
416,42.6,488.1494366,-0.83458712,0.992510024
417,42.7,491.8894884,-0.835598767,0.992527528
418,42.8,494.7302749,-0.836397101,0.992551231
419,42.9,492.884559,-0.835891742,0.992779111
420,43,493.386733,-0.836005395,0.993014115
421,43.1,492.2747599,-0.83569205,0.99318752
422,43.2,489.1011388,-0.834985694,0.993155245
423,43.3,486.6253614,-0.83426204,0.993235216
424,43.4,485.1432796,-0.833953044,0.993227649
425,43.5,486.1722967,-0.834386136,0.993138169
426,43.6,483.3737164,-0.833622508,0.993127814
427,43.7,484.4207596,-0.834011402,0.993060321
428,43.8,486.2796962,-0.834558207,0.993051944
429,43.9,483.2188705,-0.833655917,0.993013015
430,44,485.6408494,-0.834363321,0.992980484
431,44.1,483.0964547,-0.833673807,0.992831243
432,44.2,488.657223,-0.835215283,0.992765348
433,44.3,485.8697931,-0.834505941,0.992521394
434,44.4,483.895942,-0.833885094,0.992457211
435,44.5,489.3901794,-0.83530132,0.992481572
436,44.6,487.1407229,-0.83473332,0.992266483
437,44.7,493.1651231,-0.836380542,0.992465275
438,44.8,484.7855405,-0.834244835,0.992314352
439,44.9,481.7758286,-0.833471729,0.992348869
440,45,478.8274878,-0.83272554,0.992362127
441,45.1,477.8723872,-0.832591508,0.99241862
442,45.2,474.2998437,-0.831619706,0.99242071
443,45.3,475.2691491,-0.831976284,0.992475276
444,45.4,473.6592173,-0.831626297,0.99250883
445,45.5,476.0011335,-0.832300265,0.992579802
446,45.6,474.6246445,-0.832033212,0.992528689
447,45.7,476.1413202,-0.832471849,0.992603705
448,45.8,475.5222378,-0.832319471,0.992711228
449,45.9,473.3022618,-0.831711838,0.992572437
450,46,476.5267952,-0.832546871,0.992740584
451,46.1,473.4447107,-0.831752438,0.992671172
452,46.2,474.1712234,-0.831871994,0.992683434
453,46.3,478.5505296,-0.833082058,0.992572479
454,46.4,471.5758689,-0.831195334,0.992172442
455,46.5,474.2414948,-0.832011225,0.991995499
456,46.6,473.4495676,-0.831796706,0.991574746
457,46.7,471.8594498,-0.831482511,0.991127645
458,46.8,473.4475161,-0.831997655,0.991057878
459,46.9,472.0627354,-0.83170036,0.991181506
460,47,472.7790962,-0.831956711,0.991293332
461,47.1,470.555392,-0.831474259,0.99150331
462,47.2,470.3947475,-0.831343221,0.991728828
463,47.3,469.0850131,-0.831095619,0.991624435
464,47.4,464.7095143,-0.830062807,0.991627337
465,47.5,466.7800579,-0.830615851,0.991960151
466,47.6,466.4496908,-0.830538615,0.992142803
467,47.7,468.558742,-0.831214813,0.992314754
468,47.8,466.4101327,-0.830594823,0.992477096
469,47.9,469.5519921,-0.831462053,0.992722427
470,48,469.911019,-0.831489334,0.992893231
471,48.1,467.7646189,-0.830851327,0.992895543
472,48.2,469.1148916,-0.831412328,0.99271457
473,48.3,469.1622495,-0.831561682,0.992616935
474,48.4,464.6476042,-0.830321765,0.992418837
475,48.5,466.5594629,-0.830948056,0.992203689
476,48.6,461.6433819,-0.82959053,0.991752065
477,48.7,465.4780257,-0.830843905,0.991508887
478,48.8,465.5793506,-0.830934857,0.991123732
479,48.9,462.5636201,-0.830021537,0.990724251
480,49,464.1080551,-0.83055728,0.990326532
481,49.1,465.418617,-0.830961789,0.990072998
482,49.2,466.2725904,-0.831210079,0.990017548
483,49.3,464.7063511,-0.830880042,0.990012512
484,49.4,466.6041436,-0.831496022,0.990446765
485,49.5,462.5259648,-0.830502571,0.9905176
486,49.6,462.4286257,-0.830419811,0.99085968
487,49.7,467.8726169,-0.831995786,0.991483364
488,49.8,465.0165383,-0.831231384,0.99158503
489,49.9,462.8072577,-0.830620525,0.991890252
490,50,463.9894132,-0.830967518,0.992256091
491,50.1,466.2249615,-0.831711039,0.992468963
492,50.2,457.1490563,-0.829244422,0.992312072
493,50.3,458.0998046,-0.829459923,0.992421096
494,50.4,457.2844833,-0.829330447,0.992601841
495,50.5,458.1741445,-0.829804032,0.992581591
496,50.6,457.677438,-0.829730675,0.99241335
497,50.7,453.4492406,-0.82857821,0.992175222
498,50.8,451.9134739,-0.828245844,0.991799579
499,50.9,449.6601505,-0.82768658,0.991432665
500,51,452.062913,-0.828407625,0.991344009
501,51.1,447.8063455,-0.827173916,0.990950174
502,51.2,448.8474748,-0.827734494,0.990610858
503,51.3,451.3770619,-0.82852564,0.990055809
504,51.4,451.8997365,-0.828688588,0.989788117
505,51.5,446.9674518,-0.827358747,0.989308631
506,51.6,451.6406085,-0.828670893,0.989102728
507,51.7,459.3564984,-0.830790062,0.989092342
508,51.8,455.1323935,-0.829686878,0.988838136
509,51.9,458.9580058,-0.830911146,0.988811925
510,52,457.5155399,-0.830389193,0.989361126
511,52.1,454.7144679,-0.829580534,0.989746989
512,52.2,455.4396736,-0.829819774,0.990313564
513,52.3,459.8208173,-0.831060421,0.99105496
514,52.4,455.2545251,-0.829952401,0.990878432
515,52.5,454.4425675,-0.829783016,0.991310723
516,52.6,457.3466129,-0.830751386,0.991645415
517,52.7,448.2552934,-0.828193528,0.991782554
518,52.8,450.8261752,-0.828989678,0.991998375
519,52.9,450.5599248,-0.829031669,0.991997672
520,53,449.5876208,-0.828933494,0.992234979
521,53.1,441.0044067,-0.826682536,0.991980536
522,53.2,444.1856152,-0.827665243,0.991949265
523,53.3,435.7553899,-0.825188877,0.991595427
524,53.4,434.8148054,-0.824963728,0.991233593
525,53.5,430.9616763,-0.824032475,0.991236924
526,53.6,433.3030289,-0.824930702,0.990897029
527,53.7,432.3900384,-0.824664446,0.990638854
528,53.8,430.5324234,-0.824242143,0.99011522
529,53.9,429.7708583,-0.824083735,0.989464226
530,54,430.2295481,-0.824390322,0.989235824
531,54.1,426.3244429,-0.823250403,0.988667617
532,54.2,428.1111439,-0.823811164,0.988732873
533,54.3,438.2290012,-0.826888275,0.988994966
534,54.4,433.8507482,-0.825544332,0.988438929
535,54.5,441.3482782,-0.827725046,0.988859507
536,54.6,433.7406332,-0.825429683,0.988330799
537,54.7,443.5259234,-0.828410014,0.988379421
538,54.8,446.1200882,-0.829135194,0.988561837
539,54.9,450.5363077,-0.830421094,0.988473001
540,55,450.0821115,-0.830268376,0.988393724
541,55.1,451.6108733,-0.830728736,0.989038823
542,55.2,452.6628941,-0.831030243,0.989692935
543,55.3,446.1552803,-0.829214898,0.989933181
544,55.4,442.818315,-0.828432839,0.990222652
545,55.5,444.8548979,-0.829173051,0.990352604
546,55.6,440.1881325,-0.827704951,0.990662182
547,55.7,443.563696,-0.829062419,0.991007428
548,55.8,439.9082249,-0.828218196,0.991084236
549,55.9,437.4147513,-0.827572893,0.991366042
550,56,431.8141223,-0.825815943,0.991325268
551,56.1,428.4802311,-0.825278835,0.991151397
552,56.2,426.9349761,-0.824918614,0.990803866
553,56.3,420.9171064,-0.823322109,0.9906896
554,56.4,423.688449,-0.824298309,0.990837294
555,56.5,420.6312506,-0.823496219,0.99049093
556,56.6,419.2541401,-0.823168384,0.990106235
557,56.7,419.5628158,-0.823463895,0.989750144
558,56.8,416.792387,-0.822718951,0.989363095
559,56.9,413.3018409,-0.821749592,0.988833509
560,57,411.4527911,-0.821221245,0.988389339
561,57.1,413.9466374,-0.822350126,0.98833505
562,57.2,413.5957261,-0.822003392,0.988410935
563,57.3,415.0726192,-0.822433685,0.988504612
564,57.4,415.1849329,-0.822465583,0.988353209
565,57.5,420.5368397,-0.824337498,0.988426625
566,57.6,419.9400295,-0.8242311,0.988170386
567,57.7,425.6410013,-0.825869061,0.988227911
568,57.8,425.5680611,-0.825882848,0.988594185
569,57.9,426.836883,-0.826236852,0.98874164
570,58,433.4938145,-0.828237285,0.988517024
571,58.1,435.5800546,-0.828970215,0.988532374
572,58.2,434.1902375,-0.82851449,0.988524543
573,58.3,444.4357086,-0.831497582,0.988698923
574,58.4,440.4936867,-0.830414148,0.988364806
575,58.5,444.6151103,-0.831678258,0.988465361
576,58.6,444.7702859,-0.831732801,0.988510847
577,58.7,447.47291,-0.8326956,0.98883094
578,58.8,444.7339644,-0.831893078,0.989108328
579,58.9,442.2528014,-0.83129174,0.988963812
580,59,435.2766611,-0.82957597,0.98934346
581,59.1,432.770247,-0.828801058,0.989866184
582,59.2,433.6392954,-0.829234712,0.990120501
583,59.3,432.9777492,-0.829291991,0.990038454
584,59.4,426.6690517,-0.827477887,0.990058386
585,59.5,423.7350642,-0.826917728,0.989891681
586,59.6,417.0969998,-0.825154093,0.989797388
587,59.7,416.2408023,-0.825156626,0.989832531
588,59.8,411.6667501,-0.823815348,0.989465035
589,59.9,406.5608203,-0.822303498,0.989070524
590,60,403.2436201,-0.821654152,0.98904085
591,60.1,400.6385071,-0.820948302,0.988720835
592,60.2,398.9367036,-0.820589085,0.988330454
593,60.3,396.8539974,-0.820123089,0.987206878
594,60.4,394.4691626,-0.819602003,0.987391369
595,60.5,391.8583603,-0.818784077,0.987550659
596,60.6,395.1831535,-0.819822702,0.987199598
597,60.7,400.7364542,-0.821800737,0.987320678
598,60.8,396.4686063,-0.82040493,0.987409091
599,60.9,399.520752,-0.821585083,0.987593388
600,61,399.8675009,-0.82165983,0.987400589
601,61.1,399.6047995,-0.821744164,0.987211885
602,61.2,400.0092244,-0.821956367,0.987383643
603,61.3,400.9583306,-0.82242841,0.987651504
604,61.4,408.0559787,-0.82462481,0.987695857
605,61.5,408.3535094,-0.824818947,0.987477968
606,61.6,411.9768281,-0.825921782,0.987636037
607,61.7,412.3615291,-0.826108069,0.987731273
608,61.8,415.3980154,-0.827032966,0.987791346
609,61.9,411.9781108,-0.826051117,0.987670108
610,62,412.3108664,-0.826261272,0.98775196
611,62.1,422.1281067,-0.829369738,0.987997165
612,62.2,419.3602888,-0.828391903,0.988008981
613,62.3,418.6399942,-0.82824507,0.987762023
614,62.4,423.4258093,-0.829910967,0.987941264
615,62.5,426.8303879,-0.830998925,0.987879751
616,62.6,436.0067016,-0.833717818,0.987774573
617,62.7,434.234483,-0.833157694,0.987907043
618,62.8,436.6846953,-0.833768099,0.987904435
619,62.9,433.515264,-0.833027109,0.987764953
620,63,438.922674,-0.834703263,0.9885147
621,63.1,438.2231463,-0.834646404,0.988805565
622,63.2,434.7288065,-0.833771799,0.98893016
623,63.3,429.2035757,-0.832243551,0.989180252
624,63.4,425.5118351,-0.831580381,0.988472379
625,63.5,420.5190427,-0.830159486,0.988269011
626,63.6,418.2631296,-0.829740302,0.98800234
627,63.7,415.1395187,-0.829132029,0.987894596
628,63.8,399.9623257,-0.824675956,0.987870897
629,63.9,397.5618879,-0.824165106,0.987765678
630,64,399.4500447,-0.824917751,0.987133147
631,64.1,392.999028,-0.823058018,0.987091868
632,64.2,385.6678007,-0.821302299,0.986932086
633,64.3,379.9865139,-0.819451364,0.986486346
634,64.4,373.7533436,-0.817644737,0.985671798
635,64.5,374.6434315,-0.818092069,0.984794046
636,64.6,375.9774067,-0.818761134,0.984960922
637,64.7,372.7820406,-0.817756825,0.985430157
638,64.8,375.4615189,-0.818818669,0.985609581
639,64.9,371.4209163,-0.817558371,0.984898136
640,65,375.1861298,-0.819019644,0.984720139
641,65.1,382.2075819,-0.821473032,0.985086487
642,65.2,379.379242,-0.820513041,0.985352272
643,65.3,380.2168482,-0.820908808,0.985695824
644,65.4,377.7066423,-0.820257175,0.985416312
645,65.5,383.5981275,-0.822290911,0.985910799
646,65.6,379.349602,-0.820970624,0.986142822
647,65.7,384.7445769,-0.823179376,0.985953693
648,65.8,381.6340828,-0.821793302,0.985961765
649,65.9,382.7379171,-0.822322551,0.98573912
650,66,388.7625917,-0.824472772,0.98598005
651,66.1,388.6730979,-0.824431927,0.986155356
652,66.2,394.3468274,-0.826508944,0.986743388
653,66.3,390.2648453,-0.82525182,0.986487263
654,66.4,388.9912943,-0.824874174,0.986742981
655,66.5,391.2008359,-0.825991242,0.986575301
656,66.6,396.0810833,-0.827548784,0.986475189
657,66.7,392.4075178,-0.826325262,0.986832984
658,66.8,395.3534562,-0.82730933,0.987007057
659,66.9,395.7060822,-0.827604318,0.987129109
660,67,397.6904739,-0.828414461,0.987148702
661,67.1,403.5221388,-0.830208483,0.987049291
662,67.2,404.6502999,-0.830727028,0.986733911
663,67.3,408.2677726,-0.83203445,0.987109529
664,67.4,404.8630656,-0.830960462,0.987067731
665,67.5,408.4479059,-0.832033061,0.987413665
666,67.6,417.0563668,-0.834922988,0.987791158
667,67.7,408.1666487,-0.832219358,0.98744594
668,67.8,410.9544055,-0.833521974,0.987410734
669,67.9,410.1051823,-0.83293279,0.987408178
670,68,419.8086497,-0.836117775,0.987736658
671,68.1,415.6811813,-0.834948162,0.987602147
672,68.2,419.9299901,-0.836460392,0.987268348
673,68.3,423.998843,-0.837718899,0.988068309
674,68.4,415.619543,-0.835281954,0.988064062
675,68.5,414.7696839,-0.835572479,0.988075047
676,68.6,404.2740685,-0.832577943,0.987120967
677,68.7,396.2878522,-0.830351388,0.986798892
678,68.8,382.2513682,-0.8260165,0.986394857
679,68.9,388.568747,-0.828594374,0.985871475
680,69,383.0000353,-0.826838548,0.98446037
681,69.1,374.7536344,-0.824287446,0.983625371
682,69.2,365.0432134,-0.821583772,0.984140581
683,69.3,365.8775275,-0.822369257,0.983748025
684,69.4,356.4118252,-0.819171632,0.982769913
685,69.5,350.0900535,-0.817228189,0.981691644
686,69.6,354.5380244,-0.819184369,0.981070645
687,69.7,353.036463,-0.818796563,0.981590768
688,69.8,357.8764824,-0.820597698,0.981541764
689,69.9,351.0900956,-0.818276484,0.982192419
690,70,349.5053592,-0.818013193,0.982603732
691,70.1,348.8121977,-0.817832585,0.981898612
692,70.2,355.4112311,-0.820638849,0.981215722
693,70.3,357.6620919,-0.821475832,0.98235103
694,70.4,360.0006446,-0.822506936,0.983336914
695,70.5,354.4184378,-0.82067683,0.983044351
696,70.6,353.4769838,-0.820384964,0.982963516
697,70.7,352.6625919,-0.820254305,0.982336046
698,70.8,355.7079739,-0.821620597,0.982714594
699,70.9,351.4152241,-0.820221143,0.983187406
700,71,353.9985473,-0.821221117,0.983733598
701,71.1,361.5088217,-0.824158242,0.983147326
702,71.2,354.4416695,-0.821649725,0.983623956
703,71.3,361.1820083,-0.824463319,0.982996952
704,71.4,364.6990244,-0.825683895,0.983968186
705,71.5,363.3927146,-0.825541328,0.984095421
706,71.6,358.6900287,-0.824040348,0.984059476
707,71.7,352.5740602,-0.821908945,0.984692202
708,71.8,359.2176146,-0.824466966,0.984533033
709,71.9,352.4090327,-0.822290805,0.984502778
710,72,359.7345833,-0.825021155,0.985427069
711,72.1,358.7491344,-0.824944764,0.985052935
712,72.2,361.0686786,-0.825717827,0.98471462
713,72.3,363.4440849,-0.82680532,0.984463319
714,72.4,366.5641475,-0.828232378,0.984859071
715,72.5,362.1318119,-0.826653478,0.9854337
716,72.6,367.6752645,-0.828741604,0.985623775
717,72.7,364.3779189,-0.827708204,0.984854244
718,72.8,373.942261,-0.831319363,0.985543722
719,72.9,366.6385429,-0.828971489,0.985151723
720,73,371.1081808,-0.830745477,0.985523404
721,73.1,374.4559742,-0.83197548,0.986140107
722,73.2,380.3551879,-0.834023024,0.985989364
723,73.3,382.9918495,-0.83504145,0.986370258
724,73.4,381.2835873,-0.834502319,0.986221876
725,73.5,372.8521001,-0.831985258,0.985889178
726,73.6,382.6496895,-0.835544846,0.986299146
727,73.7,380.9514389,-0.835006718,0.98628309
728,73.8,385.0637511,-0.836726435,0.9865038
729,73.9,382.789666,-0.835880014,0.986346848
730,74,387.6312945,-0.837746035,0.986807045
731,74.1,390.5328709,-0.838925187,0.987262284
732,74.2,388.2422069,-0.838168916,0.986883981
733,74.3,388.1498793,-0.838142197,0.9870922
734,74.4,389.801506,-0.839032467,0.987136836
735,74.5,386.2501543,-0.838105152,0.987099214
736,74.6,394.4704701,-0.840853618,0.986966965
737,74.7,388.9462444,-0.83911864,0.987304021
738,74.8,394.4666313,-0.84152565,0.987978653
739,74.9,394.8573924,-0.841883369,0.987968732
740,75,376.1061812,-0.836161068,0.985939439
741,75.1,368.1701449,-0.833953356,0.984511503
742,75.2,358.5195082,-0.831141535,0.983827249
743,75.3,355.4389491,-0.830490964,0.982470826
744,75.4,347.7274987,-0.828306518,0.981248027
745,75.5,336.7374766,-0.824588164,0.980346383
746,75.6,333.4876152,-0.823997388,0.97908547
747,75.7,330.1021147,-0.822867861,0.977627034
748,75.8,322.8921017,-0.820836179,0.978191009
749,75.9,318.0892757,-0.819222742,0.97822849
750,76,314.8512978,-0.817957594,0.978684935
751,76.1,319.7559517,-0.820301408,0.978620626
752,76.2,325.6188418,-0.82261623,0.977354523
753,76.3,325.0645948,-0.822610886,0.978186779
754,76.4,326.5397608,-0.823536875,0.979178157
755,76.5,323.0912865,-0.822529549,0.980027203
756,76.6,318.0559273,-0.820742308,0.978645606
757,76.7,323.1769334,-0.822807238,0.978994812
758,76.8,321.4145613,-0.822620933,0.979537243
759,76.9,322.6675978,-0.823195387,0.978836054
760,77,320.8664802,-0.822814106,0.979483517
761,77.1,314.5452949,-0.820626899,0.978978758
762,77.2,324.4593941,-0.824883349,0.979050791
763,77.3,313.980018,-0.821019941,0.979953982
764,77.4,315.1509753,-0.82184365,0.980544033
765,77.5,324.0676724,-0.825443844,0.979508204
766,77.6,323.3200189,-0.825500173,0.979840116
767,77.7,320.0440119,-0.824698628,0.980962552
768,77.8,320.5055131,-0.825071269,0.980929188
769,77.9,317.2313284,-0.824129792,0.980173367
770,78,322.8265739,-0.826532821,0.979768672
771,78.1,321.4248101,-0.826198878,0.980948681
772,78.2,314.94524,-0.823965253,0.982095404
773,78.3,314.4965154,-0.82389894,0.98132393
774,78.4,317.4448204,-0.825334319,0.980972169
775,78.5,322.1903983,-0.827479235,0.981494971
776,78.6,315.6174429,-0.825131626,0.98124478
777,78.7,312.9818756,-0.82465508,0.982749255
778,78.8,315.635218,-0.826062836,0.982999663
779,78.9,314.5923602,-0.825759642,0.982499408
780,79,315.4184612,-0.826058759,0.981715073
781,79.1,320.7066018,-0.82859986,0.982520271
782,79.2,318.6616453,-0.828094305,0.982753289
783,79.3,317.3535289,-0.828265508,0.982996507
784,79.4,320.2047742,-0.829694432,0.98286886
785,79.5,315.8763907,-0.828044586,0.983578219
786,79.6,317.0892931,-0.828911432,0.983370427
787,79.7,316.6709073,-0.829202442,0.984374529
788,79.8,318.8233947,-0.830027269,0.984589442
789,79.9,318.5031438,-0.830242037,0.983980426
790,80,315.3521732,-0.829329076,0.98370258
791,80.1,321.6288054,-0.832316908,0.984401873
792,80.2,321.9679445,-0.832546862,0.985350494
793,80.3,320.9616332,-0.832561889,0.985487343
794,80.4,326.3779772,-0.835119375,0.985222146
795,80.5,334.3608856,-0.838549678,0.985114882
796,80.6,322.4919757,-0.833805463,0.985437096
797,80.7,331.9456716,-0.838099136,0.985848242
798,80.8,327.5864291,-0.836577057,0.985608306
799,80.9,340.532307,-0.842039155,0.98634472
800,81,337.268787,-0.84102569,0.986287057
801,81.1,332.2148951,-0.839412711,0.986648871
802,81.2,333.1032963,-0.840124184,0.986680687
803,81.3,341.9160049,-0.843641194,0.986323673
804,81.4,333.5963796,-0.840566176,0.986474981
805,81.5,340.9828604,-0.843895063,0.986554107
806,81.6,341.5556388,-0.844363469,0.986961846
807,81.7,348.8552931,-0.847496924,0.98690838
808,81.8,351.425976,-0.849247046,0.987050004
809,81.9,350.7300629,-0.848793315,0.987507243
810,82,348.9397396,-0.848059128,0.986897739
811,82.1,349.6135893,-0.848976038,0.98684074
812,82.2,359.1652142,-0.852726235,0.987412225
813,82.3,354.0385864,-0.851047105,0.987423882
814,82.4,361.7493874,-0.854076287,0.987557735
815,82.5,361.4185106,-0.854198299,0.987581559
816,82.6,361.963686,-0.855011432,0.988478967
817,82.7,352.9240438,-0.852225897,0.988526666
818,82.8,352.2072163,-0.852938233,0.986460633
819,82.9,327.0472642,-0.844234142,0.983982823
820,83,311.5492179,-0.838994723,0.98131833
821,83.1,296.7734648,-0.834026569,0.979301955
822,83.2,284.9419718,-0.829916623,0.978823509
823,83.3,266.4465945,-0.822269742,0.977968429
824,83.4,267.6921202,-0.82376741,0.977100749
825,83.5,270.1266591,-0.825893511,0.976599607
826,83.6,270.2549673,-0.826325935,0.976305994
827,83.7,265.7264567,-0.824776334,0.976805665
828,83.8,259.5446081,-0.822014526,0.976833091
829,83.9,265.8984327,-0.825878327,0.975257801
830,84,260.8245144,-0.824099489,0.976346502
831,84.1,258.4081827,-0.823425354,0.976832902
832,84.2,257.4616477,-0.823134931,0.975606299
833,84.3,256.4815079,-0.823497153,0.976003411
834,84.4,255.696039,-0.823628944,0.97769093
835,84.5,255.7730376,-0.824393438,0.978119171
836,84.6,252.9717868,-0.823340985,0.977300366
837,84.7,249.1363602,-0.822147287,0.977137168
838,84.8,257.7036116,-0.827098307,0.977318497
839,84.9,249.2978231,-0.823597713,0.977366829
840,85,256.5121232,-0.828228379,0.977899495
841,85.1,248.7173293,-0.824412597,0.978450544
842,85.2,250.618121,-0.826073926,0.97817667
843,85.3,254.5290513,-0.828931213,0.978825583
844,85.4,253.7134534,-0.829238638,0.977994331
845,85.5,233.9108391,-0.819118054,0.978320257
846,85.6,238.7890561,-0.822662856,0.979616225
847,85.7,239.3177786,-0.823624145,0.979421787
848,85.8,239.627282,-0.824237353,0.979479024
849,85.9,241.4089036,-0.826074108,0.980008284
850,86,251.5560418,-0.832611462,0.98082719
851,86.1,243.5687234,-0.829269604,0.98143417
852,86.2,244.9621123,-0.83053444,0.981234722
853,86.3,245.6110219,-0.831615064,0.981342427
854,86.4,237.7119742,-0.827867133,0.982034206
855,86.5,233.7813902,-0.826820597,0.982165442
856,86.6,234.9269057,-0.828268613,0.982300571
857,86.7,234.8054265,-0.829058207,0.983367785
858,86.8,239.1237534,-0.832082134,0.983568233
859,86.9,238.0338938,-0.83244183,0.983748013
860,87,237.4861968,-0.83322818,0.984332022
861,87.1,237.4219171,-0.833985219,0.985072259
862,87.2,236.8170801,-0.834614904,0.985321996
863,87.3,241.6451239,-0.838095656,0.985874276
864,87.4,244.8419196,-0.840805622,0.986030538
865,87.5,247.4608834,-0.842965056,0.986491236
866,87.6,241.6532969,-0.84074232,0.986265078
867,87.7,249.6776462,-0.84603775,0.986638605
868,87.8,254.304811,-0.849647,0.987369758
869,87.9,256.7971296,-0.851680145,0.987502828
870,88,263.9219017,-0.856364772,0.987935158
871,88.1,262.2644762,-0.856301561,0.987977447
872,88.2,260.9681959,-0.856737685,0.987722813
873,88.3,282.5442423,-0.868461339,0.988661875
874,88.4,301.3502063,-0.878011545,0.98928223
875,88.5,305.3670966,-0.880607223,0.98979625
876,88.6,311.0803513,-0.883677521,0.989739724
877,88.7,333.3907099,-0.893985152,0.990508114
878,88.8,329.008586,-0.892722871,0.99013268
879,88.9,367.885187,-0.908564003,0.992077806
880,89,394.0344758,-0.918297418,0.993103097
881,89.1,404.9047017,-0.92245568,0.993532425
882,89.2,473.8954317,-0.944323695,0.995831811
883,89.3,506.5100893,-0.95341907,0.996921033
884,89.4,532.1251054,-0.960684235,0.99683975
885,89.5,521.1534214,-0.959711042,0.983633539
886,89.6,453.3397223,-0.945107903,0.9414012
887,89.7,309.8205593,-0.902314132,0.867844863
888,89.8,156.1072932,-0.825251766,0.858646845
889,89.9,36.92473546,-0.661986838,0.947232745
890,90,361.8360891,-1.000664541,0.999927072
891,90.1,36.92472079,-0.661985124,0.947237828
892,90.2,155.3525403,-0.824606069,0.859158374
893,90.3,309.5727378,-0.90220799,0.867915333
894,90.4,453.0401475,-0.94501577,0.941420392
895,90.5,520.2845751,-0.959489689,0.983663428
896,90.6,530.9765621,-0.96039778,0.996829012
897,90.7,505.7290036,-0.953212749,0.996903713
898,90.8,475.1765259,-0.944691415,0.995866137
899,90.9,406.1595762,-0.922878182,0.993582716
